;country;time;value
403;AUS;1973-01-01;98.87233
158;AUS;1973-02-01;98.92384
106;AUS;1973-03-01;99.048
63;AUS;1973-04-01;99.33862
339;AUS;1973-05-01;99.88607
46;AUS;1973-06-01;100.4867
75;AUS;1973-07-01;100.8919
54;AUS;1973-08-01;100.9047
31;AUS;1973-09-01;100.6716
151;AUS;1973-10-01;100.3706
301;AUS;1973-11-01;100.1463
0;AUS;1973-12-01;100.0121
72;AUS;1974-01-01;99.97498
484;AUS;1974-02-01;100.0702
38;AUS;1974-03-01;100.2989
398;AUS;1974-04-01;100.6322
152;AUS;1974-05-01;100.8823
422;AUS;1974-06-01;100.8669
425;AUS;1974-07-01;100.7567
157;AUS;1974-08-01;100.6927
333;AUS;1974-09-01;100.5972
271;AUS;1974-10-01;100.537
171;AUS;1974-11-01;100.5198
294;AUS;1974-12-01;100.5547
501;AUS;1975-01-01;100.5696
298;AUS;1975-02-01;100.4759
202;AUS;1975-03-01;100.2531
10;AUS;1975-04-01;100.1423
381;AUS;1975-05-01;100.0723
264;AUS;1975-06-01;99.96953
240;AUS;1975-07-01;99.92751
266;AUS;1975-08-01;100.0111
513;AUS;1975-09-01;100.0992
216;AUS;1975-10-01;100.0999
83;AUS;1975-11-01;100.062
424;AUS;1975-12-01;100.1735
394;AUS;1976-01-01;100.3021
115;AUS;1976-02-01;100.4811
489;AUS;1976-03-01;100.7808
175;AUS;1976-04-01;101.1297
468;AUS;1976-05-01;101.4125
503;AUS;1976-06-01;101.5204
56;AUS;1976-07-01;101.3661
98;AUS;1976-08-01;101.0755
480;AUS;1976-09-01;100.743
416;AUS;1976-10-01;100.3239
113;AUS;1976-11-01;99.86776
197;AUS;1976-12-01;99.53868
91;AUS;1977-01-01;99.67344
102;AUS;1977-02-01;100.0151
304;AUS;1977-03-01;100.2753
241;AUS;1977-04-01;100.4897
49;AUS;1977-05-01;100.6582
203;AUS;1977-06-01;100.7296
261;AUS;1977-07-01;100.6323
263;AUS;1977-08-01;100.4024
359;AUS;1977-09-01;99.88206
426;AUS;1977-10-01;99.34805
405;AUS;1977-11-01;99.13591
290;AUS;1977-12-01;99.27767
428;AUS;1978-01-01;99.51485
93;AUS;1978-02-01;99.65459
278;AUS;1978-03-01;99.73083
288;AUS;1978-04-01;99.7649
534;AUS;1978-05-01;99.78895
507;AUS;1978-06-01;99.81183
443;AUS;1978-07-01;99.79507
41;AUS;1978-08-01;99.72955
282;AUS;1978-09-01;99.75188
311;AUS;1978-10-01;99.81153
132;AUS;1978-11-01;99.84774
272;AUS;1978-12-01;100.0286
172;AUS;1979-01-01;100.3163
95;AUS;1979-02-01;100.5856
327;AUS;1979-03-01;100.7336
78;AUS;1979-04-01;100.9092
8;AUS;1979-05-01;101.0655
296;AUS;1979-06-01;101.0837
257;AUS;1979-07-01;100.9151
164;AUS;1979-08-01;100.5627
532;AUS;1979-09-01;100.151
524;AUS;1979-10-01;99.77971
361;AUS;1979-11-01;99.43819
196;AUS;1979-12-01;99.27673
455;AUS;1980-01-01;99.35074
215;AUS;1980-02-01;99.48345
338;AUS;1980-03-01;99.49068
258;AUS;1980-04-01;99.34683
47;AUS;1980-05-01;99.17763
1;AUS;1980-06-01;99.10528
244;AUS;1980-07-01;99.11893
430;AUS;1980-08-01;99.147
2;AUS;1980-09-01;99.04357
254;AUS;1980-10-01;98.7594
454;AUS;1980-11-01;98.34586
319;AUS;1980-12-01;98.13947
345;AUS;1981-01-01;97.98051
42;AUS;1981-02-01;97.81771
530;AUS;1981-03-01;97.7677
184;AUS;1981-04-01;98.07854
14;AUS;1981-05-01;98.58238
13;AUS;1981-06-01;99.08155
347;AUS;1981-07-01;99.44228
73;AUS;1981-08-01;99.59338
62;AUS;1981-09-01;99.56387
87;AUS;1981-10-01;99.53098
305;AUS;1981-11-01;99.6505
112;AUS;1981-12-01;99.89057
177;AUS;1982-01-01;100.2109
323;AUS;1982-02-01;100.6212
353;AUS;1982-03-01;101.1602
99;AUS;1982-04-01;101.6838
458;AUS;1982-05-01;102.0233
325;AUS;1982-06-01;102.0596
193;AUS;1982-07-01;101.9808
375;AUS;1982-08-01;101.8478
208;AUS;1982-09-01;101.6731
494;AUS;1982-10-01;101.5536
432;AUS;1982-11-01;101.5468
392;AUS;1982-12-01;101.5909
437;AUS;1983-01-01;101.6114
77;AUS;1983-02-01;101.5767
481;AUS;1983-03-01;101.477
414;AUS;1983-04-01;101.3599
334;AUS;1983-05-01;101.2299
354;AUS;1983-06-01;100.9673
43;AUS;1983-07-01;100.5573
189;AUS;1983-08-01;100.0538
493;AUS;1983-09-01;99.79042
413;AUS;1983-10-01;99.78867
470;AUS;1983-11-01;100.0212
483;AUS;1983-12-01;100.314
127;AUS;1984-01-01;100.4127
295;AUS;1984-02-01;100.2871
444;AUS;1984-03-01;100.0324
344;AUS;1984-04-01;100.0947
321;AUS;1984-05-01;100.2307
238;AUS;1984-06-01;100.2426
350;AUS;1984-07-01;100.0408
366;AUS;1984-08-01;99.63217
163;AUS;1984-09-01;99.2222
21;AUS;1984-10-01;98.72758
243;AUS;1984-11-01;98.18609
20;AUS;1984-12-01;97.9525
129;AUS;1985-01-01;98.0451
407;AUS;1985-02-01;98.37931
32;AUS;1985-03-01;98.5755
30;AUS;1985-04-01;98.72013
133;AUS;1985-05-01;98.77126
37;AUS;1985-06-01;98.71266
448;AUS;1985-07-01;98.70179
471;AUS;1985-08-01;98.82973
453;AUS;1985-09-01;99.03243
306;AUS;1985-10-01;99.26151
382;AUS;1985-11-01;99.48075
141;AUS;1985-12-01;99.53653
229;AUS;1986-01-01;99.53611
233;AUS;1986-02-01;99.49309
178;AUS;1986-03-01;99.22825
410;AUS;1986-04-01;99.30881
436;AUS;1986-05-01;99.62039
378;AUS;1986-06-01;99.88396
118;AUS;1986-07-01;100.1409
390;AUS;1986-08-01;100.2902
269;AUS;1986-09-01;100.3294
293;AUS;1986-10-01;100.4047
510;AUS;1986-11-01;100.5723
433;AUS;1986-12-01;100.7233
148;AUS;1987-01-01;100.8143
285;AUS;1987-02-01;100.7163
165;AUS;1987-03-01;100.5223
371;AUS;1987-04-01;100.3465
397;AUS;1987-05-01;100.0202
173;AUS;1987-06-01;99.46667
374;AUS;1987-07-01;98.92841
245;AUS;1987-08-01;98.52435
96;AUS;1987-09-01;98.09133
401;AUS;1987-10-01;97.58808
287;AUS;1987-11-01;97.42865
191;AUS;1987-12-01;97.59161
126;AUS;1988-01-01;97.77943
355;AUS;1988-02-01;97.85301
159;AUS;1988-03-01;97.94265
439;AUS;1988-04-01;98.07563
161;AUS;1988-05-01;98.28581
517;AUS;1988-06-01;98.38103
101;AUS;1988-07-01;98.13128
420;AUS;1988-08-01;97.57173
218;AUS;1988-09-01;97.15297
57;AUS;1988-10-01;97.00601
379;AUS;1988-11-01;96.96272
100;AUS;1988-12-01;96.80238
27;AUS;1989-01-01;96.59371
45;AUS;1989-02-01;96.45689
116;AUS;1989-03-01;96.47347
107;AUS;1989-04-01;96.72368
255;AUS;1989-05-01;97.07062
169;AUS;1989-06-01;97.3084
369;AUS;1989-07-01;97.6118
408;AUS;1989-08-01;97.80067
144;AUS;1989-09-01;97.93265
136;AUS;1989-10-01;98.11433
336;AUS;1989-11-01;98.26971
121;AUS;1989-12-01;98.35683
280;AUS;1990-01-01;98.41154
474;AUS;1990-02-01;98.36075
265;AUS;1990-03-01;98.16698
24;AUS;1990-04-01;98.07822
81;AUS;1990-05-01;98.22429
393;AUS;1990-06-01;98.60598
465;AUS;1990-07-01;98.94901
143;AUS;1990-08-01;99.01934
82;AUS;1990-09-01;98.7781
352;AUS;1990-10-01;98.41077
217;AUS;1990-11-01;98.26971
6;AUS;1990-12-01;98.44492
412;AUS;1991-01-01;98.60625
537;AUS;1991-02-01;98.7245
406;AUS;1991-03-01;98.61128
318;AUS;1991-04-01;98.69701
26;AUS;1991-05-01;99.04875
502;AUS;1991-06-01;99.28452
316;AUS;1991-07-01;99.51603
67;AUS;1991-08-01;99.51545
58;AUS;1991-09-01;99.28056
283;AUS;1991-10-01;98.93571
377;AUS;1991-11-01;98.86714
108;AUS;1991-12-01;98.97251
185;AUS;1992-01-01;99.12772
51;AUS;1992-02-01;99.57948
68;AUS;1992-03-01;100.093
519;AUS;1992-04-01;100.5957
199;AUS;1992-05-01;101.1614
223;AUS;1992-06-01;101.6074
421;AUS;1992-07-01;101.9244
225;AUS;1992-08-01;102.0299
329;AUS;1992-09-01;102.0482
506;AUS;1992-10-01;102.0064
162;AUS;1992-11-01;101.8156
446;AUS;1992-12-01;101.5117
349;AUS;1993-01-01;101.1482
256;AUS;1993-02-01;100.8008
400;AUS;1993-03-01;100.5325
259;AUS;1993-04-01;100.2437
419;AUS;1993-05-01;99.9397
533;AUS;1993-06-01;99.82108
230;AUS;1993-07-01;100.0893
395;AUS;1993-08-01;100.3687
114;AUS;1993-09-01;100.3339
66;AUS;1993-10-01;100.2276
167;AUS;1993-11-01;100.0986
317;AUS;1993-12-01;100.0073
281;AUS;1994-01-01;99.95599
194;AUS;1994-02-01;99.98016
70;AUS;1994-03-01;100.0999
440;AUS;1994-04-01;100.296
74;AUS;1994-05-01;100.5893
358;AUS;1994-06-01;100.8444
221;AUS;1994-07-01;101.0741
357;AUS;1994-08-01;101.0845
508;AUS;1994-09-01;100.9426
211;AUS;1994-10-01;100.6671
485;AUS;1994-11-01;100.37
55;AUS;1994-12-01;100.2338
387;AUS;1995-01-01;100.2106
343;AUS;1995-02-01;100.2586
303;AUS;1995-03-01;100.3645
297;AUS;1995-04-01;100.3966
22;AUS;1995-05-01;100.4963
504;AUS;1995-06-01;100.4491
3;AUS;1995-07-01;100.381
260;AUS;1995-08-01;100.2082
122;AUS;1995-09-01;100.0045
249;AUS;1995-10-01;99.87475
434;AUS;1995-11-01;99.86025
207;AUS;1995-12-01;99.9687
149;AUS;1996-01-01;100.0891
92;AUS;1996-02-01;100.1823
516;AUS;1996-03-01;100.2596
130;AUS;1996-04-01;100.2903
438;AUS;1996-05-01;100.4227
222;AUS;1996-06-01;100.4555
88;AUS;1996-07-01;100.3027
464;AUS;1996-08-01;100.1606
228;AUS;1996-09-01;99.96285
326;AUS;1996-10-01;99.72211
50;AUS;1996-11-01;99.72768
459;AUS;1996-12-01;99.79049
518;AUS;1997-01-01;99.83494
138;AUS;1997-02-01;99.93574
411;AUS;1997-03-01;100.1739
531;AUS;1997-04-01;100.5357
34;AUS;1997-05-01;101.0733
145;AUS;1997-06-01;101.3434
85;AUS;1997-07-01;101.3635
76;AUS;1997-08-01;101.3418
166;AUS;1997-09-01;101.2585
262;AUS;1997-10-01;101.087
232;AUS;1997-11-01;100.9766
61;AUS;1997-12-01;100.9263
463;AUS;1998-01-01;100.9944
522;AUS;1998-02-01;101.0504
462;AUS;1998-03-01;101.0056
309;AUS;1998-04-01;100.8568
176;AUS;1998-05-01;100.7304
372;AUS;1998-06-01;100.3352
120;AUS;1998-07-01;99.98412
523;AUS;1998-08-01;99.69543
219;AUS;1998-09-01;99.64319
253;AUS;1998-10-01;99.948
204;AUS;1998-11-01;100.4306
340;AUS;1998-12-01;100.6058
210;AUS;1999-01-01;100.2952
310;AUS;1999-02-01;99.94981
53;AUS;1999-03-01;99.76581
324;AUS;1999-04-01;99.83076
35;AUS;1999-05-01;99.90932
28;AUS;1999-06-01;99.67695
520;AUS;1999-07-01;99.23891
135;AUS;1999-08-01;99.16341
450;AUS;1999-09-01;99.52563
476;AUS;1999-10-01;100.0827
86;AUS;1999-11-01;100.4094
119;AUS;1999-12-01;100.4365
348;AUS;2000-01-01;100.3234
498;AUS;2000-02-01;100.1318
449;AUS;2000-03-01;100.238
80;AUS;2000-04-01;100.628
409;AUS;2000-05-01;101.0902
509;AUS;2000-06-01;101.3231
227;AUS;2000-07-01;101.3695
447;AUS;2000-08-01;101.1844
212;AUS;2000-09-01;100.9866
332;AUS;2000-10-01;100.847
386;AUS;2000-11-01;100.6867
402;AUS;2000-12-01;100.5163
206;AUS;2001-01-01;100.3971
456;AUS;2001-02-01;100.3126
477;AUS;2001-03-01;100.3876
231;AUS;2001-04-01;100.4745
235;AUS;2001-05-01;100.4771
187;AUS;2001-06-01;100.2629
201;AUS;2001-07-01;100.2587
497;AUS;2001-08-01;100.5691
312;AUS;2001-09-01;100.8813
117;AUS;2001-10-01;101.1501
487;AUS;2001-11-01;101.2863
252;AUS;2001-12-01;101.2857
526;AUS;2002-01-01;101.2925
168;AUS;2002-02-01;101.3008
385;AUS;2002-03-01;101.2474
150;AUS;2002-04-01;101.3024
275;AUS;2002-05-01;101.5243
466;AUS;2002-06-01;101.6059
431;AUS;2002-07-01;101.5481
364;AUS;2002-08-01;101.4794
236;AUS;2002-09-01;101.4145
270;AUS;2002-10-01;101.4228
469;AUS;2002-11-01;101.5939
195;AUS;2002-12-01;101.73
363;AUS;2003-01-01;101.7726
154;AUS;2003-02-01;101.7662
237;AUS;2003-03-01;101.8152
337;AUS;2003-04-01;101.8915
9;AUS;2003-05-01;101.9846
384;AUS;2003-06-01;101.627
109;AUS;2003-07-01;100.9957
181;AUS;2003-08-01;100.7726
511;AUS;2003-09-01;100.8831
335;AUS;2003-10-01;100.919
137;AUS;2003-11-01;100.8241
535;AUS;2003-12-01;100.6593
473;AUS;2004-01-01;100.1998
445;AUS;2004-02-01;99.99593
521;AUS;2004-03-01;100.1396
250;AUS;2004-04-01;100.3691
399;AUS;2004-05-01;100.7216
40;AUS;2004-06-01;100.9053
234;AUS;2004-07-01;100.9434
33;AUS;2004-08-01;100.7903
142;AUS;2004-09-01;100.4935
200;AUS;2004-10-01;100.2467
495;AUS;2004-11-01;99.98958
147;AUS;2004-12-01;99.65445
289;AUS;2005-01-01;99.72243
11;AUS;2005-02-01;99.86557
69;AUS;2005-03-01;99.97422
4;AUS;2005-04-01;100.4123
496;AUS;2005-05-01;100.9127
307;AUS;2005-06-01;101.2349
313;AUS;2005-07-01;101.4608
391;AUS;2005-08-01;101.6725
478;AUS;2005-09-01;101.9263
308;AUS;2005-10-01;101.9403
529;AUS;2005-11-01;101.7376
188;AUS;2005-12-01;101.4332
247;AUS;2006-01-01;101.3363
279;AUS;2006-02-01;101.26
104;AUS;2006-03-01;101.1151
156;AUS;2006-04-01;100.8875
277;AUS;2006-05-01;100.3845
128;AUS;2006-06-01;99.66157
300;AUS;2006-07-01;99.02743
25;AUS;2006-08-01;98.67175
451;AUS;2006-09-01;98.50257
373;AUS;2006-10-01;98.3029
491;AUS;2006-11-01;98.19855
248;AUS;2006-12-01;98.35994
64;AUS;2007-01-01;98.509
44;AUS;2007-02-01;98.45483
39;AUS;2007-03-01;98.54205
209;AUS;2007-04-01;98.70925
226;AUS;2007-05-01;98.70052
490;AUS;2007-06-01;98.59522
89;AUS;2007-07-01;98.61765
103;AUS;2007-08-01;98.84396
302;AUS;2007-09-01;99.17971
328;AUS;2007-10-01;99.83071
146;AUS;2007-11-01;100.5688
155;AUS;2007-12-01;101.1765
170;AUS;2008-01-01;101.6046
341;AUS;2008-02-01;101.7633
36;AUS;2008-03-01;101.6913
125;AUS;2008-04-01;101.5963
182;AUS;2008-05-01;101.6282
292;AUS;2008-06-01;101.5761
242;AUS;2008-07-01;101.4334
59;AUS;2008-08-01;101.1515
174;AUS;2008-09-01;100.7826
134;AUS;2008-10-01;100.6615
346;AUS;2008-11-01;100.9786
515;AUS;2008-12-01;101.3029
396;AUS;2009-01-01;101.3604
383;AUS;2009-02-01;101.3075
48;AUS;2009-03-01;101.0762
370;AUS;2009-04-01;100.8246
418;AUS;2009-05-01;100.5713
29;AUS;2009-06-01;100.4469
16;AUS;2009-07-01;100.3499
423;AUS;2009-08-01;100.2701
427;AUS;2009-09-01;100.0868
342;AUS;2009-10-01;99.7487
472;AUS;2009-11-01;99.35678
460;AUS;2009-12-01;99.20428
362;AUS;2010-01-01;99.37178
492;AUS;2010-02-01;99.58098
467;AUS;2010-03-01;99.72424
417;AUS;2010-04-01;99.65543
65;AUS;2010-05-01;99.64409
7;AUS;2010-06-01;99.64764
198;AUS;2010-07-01;99.52187
461;AUS;2010-08-01;99.41569
536;AUS;2010-09-01;99.39906
351;AUS;2010-10-01;99.46951
368;AUS;2010-11-01;99.56883
499;AUS;2010-12-01;99.61221
452;AUS;2011-01-01;99.68757
5;AUS;2011-02-01;99.81311
276;AUS;2011-03-01;99.96151
246;AUS;2011-04-01;100.0339
360;AUS;2011-05-01;100.2095
267;AUS;2011-06-01;100.4748
314;AUS;2011-07-01;100.5473
131;AUS;2011-08-01;100.3077
330;AUS;2011-09-01;100.0261
17;AUS;2011-10-01;100.0038
274;AUS;2011-11-01;100.1582
15;AUS;2011-12-01;100.4432
239;AUS;2012-01-01;100.6947
365;AUS;2012-02-01;100.7444
404;AUS;2012-03-01;100.6657
23;AUS;2012-04-01;100.4252
429;AUS;2012-05-01;100.1612
192;AUS;2012-06-01;99.92555
123;AUS;2012-07-01;99.74895
505;AUS;2012-08-01;99.5777
84;AUS;2012-09-01;99.35078
475;AUS;2012-10-01;99.27069
268;AUS;2012-11-01;99.33325
482;AUS;2012-12-01;99.40776
291;AUS;2013-01-01;99.37357
160;AUS;2013-02-01;99.34428
251;AUS;2013-03-01;99.30368
213;AUS;2013-04-01;99.23457
97;AUS;2013-05-01;99.35852
528;AUS;2013-06-01;99.60752
153;AUS;2013-07-01;99.69917
380;AUS;2013-08-01;99.68433
457;AUS;2013-09-01;99.6563
415;AUS;2013-10-01;99.46691
322;AUS;2013-11-01;99.35204
486;AUS;2013-12-01;99.42397
514;AUS;2014-01-01;99.4875
110;AUS;2014-02-01;99.66508
111;AUS;2014-03-01;99.83536
320;AUS;2014-04-01;99.85394
94;AUS;2014-05-01;99.78146
284;AUS;2014-06-01;99.76531
220;AUS;2014-07-01;99.71396
512;AUS;2014-08-01;99.7113
315;AUS;2014-09-01;99.86887
79;AUS;2014-10-01;99.93024
190;AUS;2014-11-01;99.91003
60;AUS;2014-12-01;99.93298
105;AUS;2015-01-01;99.95542
389;AUS;2015-02-01;99.94147
331;AUS;2015-03-01;99.84062
299;AUS;2015-04-01;99.70121
479;AUS;2015-05-01;99.67175
71;AUS;2015-06-01;99.74199
140;AUS;2015-07-01;99.77239
273;AUS;2015-08-01;99.72263
286;AUS;2015-09-01;99.62116
205;AUS;2015-10-01;99.51546
179;AUS;2015-11-01;99.47386
183;AUS;2015-12-01;99.49211
12;AUS;2016-01-01;99.63457
52;AUS;2016-02-01;99.81675
441;AUS;2016-03-01;99.96167
500;AUS;2016-04-01;100.1164
214;AUS;2016-05-01;100.2073
356;AUS;2016-06-01;100.1847
488;AUS;2016-07-01;100.1304
180;AUS;2016-08-01;100.0815
124;AUS;2016-09-01;100.0844
525;AUS;2016-10-01;100.1447
139;AUS;2016-11-01;100.2238
527;AUS;2016-12-01;100.1786
90;AUS;2017-01-01;100.0812
388;AUS;2017-02-01;100.0643
224;AUS;2017-03-01;100.1203
435;AUS;2017-04-01;100.1181
19;AUS;2017-05-01;100.0458
367;AUS;2017-06-01;100.0129
376;AUS;2017-07-01;99.92414
18;AUS;2017-08-01;99.91109
186;AUS;2017-09-01;99.92267
442;AUS;2017-10-01;99.93751
360;AUT;1975-05-01;100.0967
252;AUT;1975-06-01;100.4731
227;AUT;1975-07-01;100.7355
254;AUT;1975-08-01;100.7503
380;AUT;1975-09-01;100.5723
204;AUT;1975-10-01;100.1954
78;AUT;1975-11-01;99.72947
401;AUT;1975-12-01;99.30754
59;AUT;1976-01-01;99.08034
108;AUT;1976-02-01;99.16769
71;AUT;1976-03-01;99.41496
164;AUT;1976-04-01;99.54106
445;AUT;1976-05-01;99.59731
479;AUT;1976-06-01;99.72363
53;AUT;1976-07-01;99.85692
93;AUT;1976-08-01;99.9578
457;AUT;1976-09-01;100.1127
320;AUT;1976-10-01;100.1977
106;AUT;1976-11-01;100.3118
187;AUT;1976-12-01;100.4567
86;AUT;1977-01-01;100.5404
97;AUT;1977-02-01;100.4676
287;AUT;1977-03-01;100.2917
228;AUT;1977-04-01;100.2873
46;AUT;1977-05-01;100.4197
192;AUT;1977-06-01;100.5853
249;AUT;1977-07-01;100.7143
251;AUT;1977-08-01;100.6048
340;AUT;1977-09-01;100.3828
402;AUT;1977-10-01;100.1405
382;AUT;1977-11-01;100.1586
276;AUT;1977-12-01;100.3245
404;AUT;1978-01-01;100.4676
88;AUT;1978-02-01;100.4284
264;AUT;1978-03-01;100.1509
274;AUT;1978-04-01;99.8396
29;AUT;1978-05-01;99.64848
483;AUT;1978-06-01;99.63927
419;AUT;1978-07-01;99.73724
40;AUT;1978-08-01;99.74033
268;AUT;1978-09-01;99.57429
293;AUT;1978-10-01;99.28959
125;AUT;1978-11-01;99.10978
259;AUT;1978-12-01;99.01003
161;AUT;1979-01-01;98.89699
90;AUT;1979-02-01;98.70853
309;AUT;1979-03-01;98.52676
72;AUT;1979-04-01;98.41343
7;AUT;1979-05-01;98.23869
281;AUT;1979-06-01;97.91205
245;AUT;1979-07-01;97.67483
154;AUT;1979-08-01;97.83839
484;AUT;1979-09-01;98.07984
498;AUT;1979-10-01;98.21993
342;AUT;1979-11-01;98.21705
186;AUT;1979-12-01;98.14474
431;AUT;1980-01-01;98.07694
203;AUT;1980-02-01;98.04265
319;AUT;1980-03-01;97.97593
246;AUT;1980-04-01;97.98567
45;AUT;1980-05-01;98.06922
0;AUT;1980-06-01;98.22028
231;AUT;1980-07-01;98.46314
406;AUT;1980-08-01;98.58382
461;AUT;1980-09-01;98.59341
242;AUT;1980-10-01;98.48968
430;AUT;1980-11-01;98.36514
301;AUT;1980-12-01;98.27546
326;AUT;1981-01-01;98.24629
41;AUT;1981-02-01;98.24527
504;AUT;1981-03-01;98.21117
174;AUT;1981-04-01;98.29034
12;AUT;1981-05-01;98.63535
11;AUT;1981-06-01;99.32588
328;AUT;1981-07-01;100.1414
68;AUT;1981-08-01;100.4591
372;AUT;1981-09-01;100.0858
82;AUT;1981-10-01;99.41128
288;AUT;1981-11-01;98.83968
105;AUT;1981-12-01;98.40527
166;AUT;1982-01-01;98.10844
305;AUT;1982-02-01;97.99714
334;AUT;1982-03-01;98.11062
10;AUT;1982-04-01;98.3554
434;AUT;1982-05-01;98.62711
307;AUT;1982-06-01;98.91879
44;AUT;1982-07-01;99.28457
356;AUT;1982-08-01;99.66565
197;AUT;1982-09-01;99.99529
471;AUT;1982-10-01;100.1707
408;AUT;1982-11-01;100.1944
371;AUT;1982-12-01;100.1161
413;AUT;1983-01-01;100.0091
466;AUT;1983-02-01;99.93134
458;AUT;1983-03-01;99.91397
391;AUT;1983-04-01;99.92207
315;AUT;1983-05-01;99.98945
335;AUT;1983-06-01;100.0928
42;AUT;1983-07-01;100.2023
179;AUT;1983-08-01;100.2954
470;AUT;1983-09-01;100.3656
62;AUT;1983-10-01;100.3291
447;AUT;1983-11-01;100.3077
460;AUT;1983-12-01;100.3122
120;AUT;1984-01-01;100.2639
280;AUT;1984-02-01;100.1077
420;AUT;1984-03-01;99.86015
325;AUT;1984-04-01;99.7662
303;AUT;1984-05-01;99.84019
225;AUT;1984-06-01;100.0776
331;AUT;1984-07-01;100.3812
347;AUT;1984-08-01;100.5586
153;AUT;1984-09-01;100.4901
19;AUT;1984-10-01;100.3035
230;AUT;1984-11-01;100.0902
18;AUT;1984-12-01;99.97375
122;AUT;1985-01-01;100.0881
384;AUT;1985-02-01;100.4582
30;AUT;1985-03-01;100.7687
28;AUT;1985-04-01;100.9345
126;AUT;1985-05-01;100.9084
35;AUT;1985-06-01;100.633
508;AUT;1985-07-01;100.3022
448;AUT;1985-08-01;100.0477
429;AUT;1985-09-01;99.91753
289;AUT;1985-10-01;99.77666
361;AUT;1985-11-01;99.67316
134;AUT;1985-12-01;99.62572
76;AUT;1986-01-01;99.60954
220;AUT;1986-02-01;99.60377
167;AUT;1986-03-01;99.60772
387;AUT;1986-04-01;99.76427
474;AUT;1986-05-01;100.0029
358;AUT;1986-06-01;100.2361
111;AUT;1986-07-01;100.474
369;AUT;1986-08-01;100.7087
257;AUT;1986-09-01;100.912
279;AUT;1986-10-01;101.1533
440;AUT;1986-11-01;101.3966
409;AUT;1986-12-01;101.6123
141;AUT;1987-01-01;101.7689
271;AUT;1987-02-01;101.8531
155;AUT;1987-03-01;101.9482
352;AUT;1987-04-01;102.1505
375;AUT;1987-05-01;102.3557
424;AUT;1987-06-01;102.4102
355;AUT;1987-07-01;102.3768
232;AUT;1987-08-01;102.3619
91;AUT;1987-09-01;102.4317
378;AUT;1987-10-01;102.5096
273;AUT;1987-11-01;102.5408
181;AUT;1987-12-01;102.5334
119;AUT;1988-01-01;102.5259
336;AUT;1988-02-01;102.5956
364;AUT;1988-03-01;102.7479
486;AUT;1988-04-01;102.9644
151;AUT;1988-05-01;103.1683
492;AUT;1988-06-01;103.1254
96;AUT;1988-07-01;102.9468
397;AUT;1988-08-01;102.7783
206;AUT;1988-09-01;102.7439
54;AUT;1988-10-01;102.7608
359;AUT;1988-11-01;102.6921
95;AUT;1988-12-01;102.4472
25;AUT;1989-01-01;102.1683
488;AUT;1989-02-01;102.0043
109;AUT;1989-03-01;102.0372
101;AUT;1989-04-01;102.2104
243;AUT;1989-05-01;102.4132
159;AUT;1989-06-01;102.4259
350;AUT;1989-07-01;102.3046
385;AUT;1989-08-01;102.1342
137;AUT;1989-09-01;102.031
129;AUT;1989-10-01;101.9606
317;AUT;1989-11-01;101.841
114;AUT;1989-12-01;101.6128
266;AUT;1990-01-01;101.3592
451;AUT;1990-02-01;101.1807
253;AUT;1990-03-01;101.096
22;AUT;1990-04-01;101.1025
75;AUT;1990-05-01;101.1439
5;AUT;1990-06-01;101.103
442;AUT;1990-07-01;100.9959
136;AUT;1990-08-01;100.8955
77;AUT;1990-09-01;100.9206
333;AUT;1990-10-01;100.9832
205;AUT;1990-11-01;100.9991
38;AUT;1990-12-01;100.9427
344;AUT;1991-01-01;100.8314
509;AUT;1991-02-01;100.6637
383;AUT;1991-03-01;100.4137
300;AUT;1991-04-01;100.198
24;AUT;1991-05-01;100.0554
478;AUT;1991-06-01;99.92686
298;AUT;1991-07-01;99.79868
63;AUT;1991-08-01;99.71288
55;AUT;1991-09-01;99.77786
269;AUT;1991-10-01;99.90113
357;AUT;1991-11-01;99.9597
102;AUT;1991-12-01;99.91217
175;AUT;1992-01-01;99.85784
48;AUT;1992-02-01;99.9666
64;AUT;1992-03-01;100.2978
485;AUT;1992-04-01;100.8093
189;AUT;1992-05-01;101.3792
162;AUT;1992-06-01;101.7651
398;AUT;1992-07-01;101.976
212;AUT;1992-08-01;102.121
311;AUT;1992-09-01;102.3171
482;AUT;1992-10-01;102.5434
152;AUT;1992-11-01;102.6808
422;AUT;1992-12-01;102.6387
330;AUT;1993-01-01;102.4529
244;AUT;1993-02-01;102.2099
377;AUT;1993-03-01;101.88
247;AUT;1993-04-01;101.5597
396;AUT;1993-05-01;101.3314
507;AUT;1993-06-01;101.1127
217;AUT;1993-07-01;100.8848
373;AUT;1993-08-01;100.6756
107;AUT;1993-09-01;100.5527
390;AUT;1993-10-01;100.4791
157;AUT;1993-11-01;100.3188
299;AUT;1993-12-01;100.0275
267;AUT;1994-01-01;99.69579
184;AUT;1994-02-01;99.48734
66;AUT;1994-03-01;99.49951
416;AUT;1994-04-01;99.56841
69;AUT;1994-05-01;99.46848
339;AUT;1994-06-01;99.2319
209;AUT;1994-07-01;99.0015
338;AUT;1994-08-01;98.91421
353;AUT;1994-09-01;98.99014
199;AUT;1994-10-01;99.07874
462;AUT;1994-11-01;99.07698
52;AUT;1994-12-01;99.05266
366;AUT;1995-01-01;99.01078
324;AUT;1995-02-01;98.98844
286;AUT;1995-03-01;98.94378
399;AUT;1995-04-01;98.87243
20;AUT;1995-05-01;98.82864
480;AUT;1995-06-01;98.84364
2;AUT;1995-07-01;98.92239
248;AUT;1995-08-01;98.98145
115;AUT;1995-09-01;98.97029
237;AUT;1995-10-01;98.95354
410;AUT;1995-11-01;99.01614
196;AUT;1995-12-01;99.12714
142;AUT;1996-01-01;99.31245
87;AUT;1996-02-01;99.40263
491;AUT;1996-03-01;99.4007
123;AUT;1996-04-01;99.43909
414;AUT;1996-05-01;99.60496
210;AUT;1996-06-01;99.86649
83;AUT;1996-07-01;100.0248
441;AUT;1996-08-01;100.0408
215;AUT;1996-09-01;99.99447
308;AUT;1996-10-01;99.95129
47;AUT;1996-11-01;99.91437
435;AUT;1996-12-01;99.89122
493;AUT;1997-01-01;99.89534
131;AUT;1997-02-01;99.95758
388;AUT;1997-03-01;99.9808
505;AUT;1997-04-01;99.97189
32;AUT;1997-05-01;100.0185
138;AUT;1997-06-01;100.0625
80;AUT;1997-07-01;100.1126
70;AUT;1997-08-01;100.1999
156;AUT;1997-09-01;100.2576
250;AUT;1997-10-01;100.3159
219;AUT;1997-11-01;100.4208
58;AUT;1997-12-01;100.5287
439;AUT;1998-01-01;100.578
496;AUT;1998-02-01;100.5933
438;AUT;1998-03-01;100.5415
291;AUT;1998-04-01;100.4345
165;AUT;1998-05-01;100.2751
233;AUT;1998-06-01;100.0931
113;AUT;1998-07-01;100.058
497;AUT;1998-08-01;100.0724
207;AUT;1998-09-01;100.1012
241;AUT;1998-10-01;100.1222
193;AUT;1998-11-01;100.097
321;AUT;1998-12-01;100.0089
198;AUT;1999-01-01;99.84116
292;AUT;1999-02-01;99.7711
50;AUT;1999-03-01;99.87859
306;AUT;1999-04-01;99.87498
33;AUT;1999-05-01;99.8664
26;AUT;1999-06-01;99.922
494;AUT;1999-07-01;99.96484
223;AUT;1999-08-01;99.92805
426;AUT;1999-09-01;99.88863
453;AUT;1999-10-01;99.83344
81;AUT;1999-11-01;99.68694
112;AUT;1999-12-01;99.53116
443;AUT;2000-01-01;99.44611
475;AUT;2000-02-01;99.45381
425;AUT;2000-03-01;99.53272
74;AUT;2000-04-01;99.70415
386;AUT;2000-05-01;99.87099
506;AUT;2000-06-01;99.96408
214;AUT;2000-07-01;99.95181
423;AUT;2000-08-01;99.91188
200;AUT;2000-09-01;99.83164
314;AUT;2000-10-01;99.74227
365;AUT;2000-11-01;99.62238
379;AUT;2000-12-01;99.54635
195;AUT;2001-01-01;99.60402
432;AUT;2001-02-01;99.64732
454;AUT;2001-03-01;99.63263
218;AUT;2001-04-01;99.60113
222;AUT;2001-05-01;99.48154
177;AUT;2001-06-01;99.34529
216;AUT;2001-07-01;99.13776
412;AUT;2001-08-01;98.96748
294;AUT;2001-09-01;98.8429
110;AUT;2001-10-01;98.86626
464;AUT;2001-11-01;98.98156
240;AUT;2001-12-01;99.10413
500;AUT;2002-01-01;99.25259
158;AUT;2002-02-01;99.30846
149;AUT;2002-03-01;99.2562
94;AUT;2002-04-01;99.26844
261;AUT;2002-05-01;99.31114
329;AUT;2002-06-01;99.39019
407;AUT;2002-07-01;99.47341
345;AUT;2002-08-01;99.47038
128;AUT;2002-09-01;99.40806
258;AUT;2002-10-01;99.3633
446;AUT;2002-11-01;99.36034
183;AUT;2002-12-01;99.33319
389;AUT;2003-01-01;99.28163
145;AUT;2003-02-01;99.21591
224;AUT;2003-03-01;99.1613
318;AUT;2003-04-01;99.23552
8;AUT;2003-05-01;99.37385
363;AUT;2003-06-01;99.46677
103;AUT;2003-07-01;99.5276
171;AUT;2003-08-01;99.51717
415;AUT;2003-09-01;99.47131
316;AUT;2003-10-01;99.42889
130;AUT;2003-11-01;99.32476
1;AUT;2003-12-01;99.22034
450;AUT;2004-01-01;99.11363
421;AUT;2004-02-01;99.1613
495;AUT;2004-03-01;99.27932
238;AUT;2004-04-01;99.4837
376;AUT;2004-05-01;99.69003
39;AUT;2004-06-01;99.79162
221;AUT;2004-07-01;99.86498
31;AUT;2004-08-01;99.91534
135;AUT;2004-09-01;99.99149
190;AUT;2004-10-01;100.0414
472;AUT;2004-11-01;100.0829
140;AUT;2004-12-01;100.1427
275;AUT;2005-01-01;100.2258
9;AUT;2005-02-01;100.2796
65;AUT;2005-03-01;100.264
3;AUT;2005-04-01;100.2151
473;AUT;2005-05-01;100.296
290;AUT;2005-06-01;100.3751
295;AUT;2005-07-01;100.4041
370;AUT;2005-08-01;100.4687
455;AUT;2005-09-01;100.5471
51;AUT;2005-10-01;100.6223
503;AUT;2005-11-01;100.6393
178;AUT;2005-12-01;100.5822
235;AUT;2006-01-01;100.4343
265;AUT;2006-02-01;100.1877
99;AUT;2006-03-01;99.90891
147;AUT;2006-04-01;99.60917
263;AUT;2006-05-01;99.31104
121;AUT;2006-06-01;99.12469
283;AUT;2006-07-01;98.96933
23;AUT;2006-08-01;98.79487
427;AUT;2006-09-01;98.59606
354;AUT;2006-10-01;98.35159
468;AUT;2006-11-01;98.23463
236;AUT;2006-12-01;98.25718
60;AUT;2007-01-01;98.31634
43;AUT;2007-02-01;98.25417
37;AUT;2007-03-01;98.17513
284;AUT;2007-04-01;98.1552
213;AUT;2007-05-01;98.14436
467;AUT;2007-06-01;98.18662
84;AUT;2007-07-01;98.23079
98;AUT;2007-08-01;98.32358
285;AUT;2007-09-01;98.56541
310;AUT;2007-10-01;98.89998
139;AUT;2007-11-01;99.26077
146;AUT;2007-12-01;99.60131
160;AUT;2008-01-01;99.81685
322;AUT;2008-02-01;99.96867
34;AUT;2008-03-01;100.0921
118;AUT;2008-04-01;100.186
172;AUT;2008-05-01;100.2185
278;AUT;2008-06-01;100.1867
229;AUT;2008-07-01;100.0951
56;AUT;2008-08-01;100.0587
163;AUT;2008-09-01;99.99401
127;AUT;2008-10-01;100.0442
327;AUT;2008-11-01;100.2082
490;AUT;2008-12-01;100.3726
374;AUT;2009-01-01;100.4659
362;AUT;2009-02-01;100.4821
148;AUT;2009-03-01;100.4112
351;AUT;2009-04-01;100.3167
395;AUT;2009-05-01;100.2656
27;AUT;2009-06-01;100.223
14;AUT;2009-07-01;100.1852
400;AUT;2009-08-01;100.1517
403;AUT;2009-09-01;100.0927
143;AUT;2009-10-01;100.0295
449;AUT;2009-11-01;99.85819
436;AUT;2009-12-01;99.55405
343;AUT;2010-01-01;99.18979
469;AUT;2010-02-01;98.9455
444;AUT;2010-03-01;98.87279
394;AUT;2010-04-01;98.84472
61;AUT;2010-05-01;98.88757
6;AUT;2010-06-01;98.94991
188;AUT;2010-07-01;99.08336
437;AUT;2010-08-01;99.28614
185;AUT;2010-09-01;99.36961
332;AUT;2010-10-01;99.3321
349;AUT;2010-11-01;99.24022
393;AUT;2010-12-01;99.08978
428;AUT;2011-01-01;99.02711
4;AUT;2011-02-01;99.09945
262;AUT;2011-03-01;99.16452
234;AUT;2011-04-01;99.25369
341;AUT;2011-05-01;99.3539
255;AUT;2011-06-01;99.45973
296;AUT;2011-07-01;99.50845
124;AUT;2011-08-01;99.48604
312;AUT;2011-09-01;99.48444
15;AUT;2011-10-01;99.45324
260;AUT;2011-11-01;99.46017
13;AUT;2011-12-01;99.58113
226;AUT;2012-01-01;99.76373
346;AUT;2012-02-01;99.89469
381;AUT;2012-03-01;99.935
21;AUT;2012-04-01;99.81242
405;AUT;2012-05-01;99.67548
182;AUT;2012-06-01;99.59232
116;AUT;2012-07-01;99.56999
481;AUT;2012-08-01;99.54345
79;AUT;2012-09-01;99.56262
452;AUT;2012-10-01;99.5954
256;AUT;2012-11-01;99.56725
459;AUT;2012-12-01;99.52853
277;AUT;2013-01-01;99.51788
150;AUT;2013-02-01;99.58921
476;AUT;2013-03-01;99.70457
201;AUT;2013-04-01;99.70998
92;AUT;2013-05-01;99.64368
502;AUT;2013-06-01;99.62483
144;AUT;2013-07-01;99.69622
239;AUT;2013-08-01;99.74893
433;AUT;2013-09-01;99.74521
392;AUT;2013-10-01;99.70102
304;AUT;2013-11-01;99.66627
463;AUT;2013-12-01;99.66303
489;AUT;2014-01-01;99.62621
104;AUT;2014-02-01;99.5597
191;AUT;2014-03-01;99.58502
302;AUT;2014-04-01;99.66653
89;AUT;2014-05-01;99.76263
270;AUT;2014-06-01;99.83838
208;AUT;2014-07-01;99.88712
487;AUT;2014-08-01;99.91356
297;AUT;2014-09-01;99.97918
73;AUT;2014-10-01;100.0346
180;AUT;2014-11-01;100.0539
57;AUT;2014-12-01;100.05
100;AUT;2015-01-01;100.0436
368;AUT;2015-02-01;100.0551
313;AUT;2015-03-01;100.0877
282;AUT;2015-04-01;100.1982
456;AUT;2015-05-01;100.2877
67;AUT;2015-06-01;100.3445
133;AUT;2015-07-01;100.3895
36;AUT;2015-08-01;100.4669
272;AUT;2015-09-01;100.5281
194;AUT;2015-10-01;100.5666
169;AUT;2015-11-01;100.6038
173;AUT;2015-12-01;100.65
168;AUT;2016-01-01;100.7737
49;AUT;2016-02-01;100.9023
417;AUT;2016-03-01;101.0159
477;AUT;2016-04-01;101.1249
202;AUT;2016-05-01;101.1442
337;AUT;2016-06-01;101.1026
465;AUT;2016-07-01;101.0169
170;AUT;2016-08-01;100.9458
117;AUT;2016-09-01;100.8633
499;AUT;2016-10-01;100.801
132;AUT;2016-11-01;100.7888
501;AUT;2016-12-01;100.7999
85;AUT;2017-01-01;100.8099
367;AUT;2017-02-01;100.7858
211;AUT;2017-03-01;100.7467
411;AUT;2017-04-01;100.6816
17;AUT;2017-05-01;100.6123
348;AUT;2017-06-01;100.5763
323;AUT;2017-07-01;100.5544
16;AUT;2017-08-01;100.5305
176;AUT;2017-09-01;100.5372
418;AUT;2017-10-01;100.444
417;BEL;1973-01-01;99.30465
166;BEL;1973-02-01;99.18919
111;BEL;1973-03-01;99.18115
68;BEL;1973-04-01;99.26186
354;BEL;1973-05-01;99.36594
49;BEL;1973-06-01;99.44009
80;BEL;1973-07-01;99.47822
57;BEL;1973-08-01;99.44741
32;BEL;1973-09-01;99.38914
159;BEL;1973-10-01;99.31065
529;BEL;1973-11-01;99.2433
0;BEL;1973-12-01;99.18167
76;BEL;1974-01-01;99.15089
503;BEL;1974-02-01;99.26827
41;BEL;1974-03-01;99.63474
412;BEL;1974-04-01;100.2174
160;BEL;1974-05-01;100.6227
438;BEL;1974-06-01;100.7674
442;BEL;1974-07-01;100.7527
165;BEL;1974-08-01;100.7192
348;BEL;1974-09-01;100.7225
284;BEL;1974-10-01;100.7663
179;BEL;1974-11-01;100.7993
308;BEL;1974-12-01;100.8108
521;BEL;1975-01-01;100.7976
236;BEL;1975-02-01;100.7524
211;BEL;1975-03-01;100.6774
10;BEL;1975-04-01;100.6292
395;BEL;1975-05-01;100.6541
276;BEL;1975-06-01;100.6979
250;BEL;1975-07-01;100.7195
278;BEL;1975-08-01;100.6473
533;BEL;1975-09-01;100.4971
225;BEL;1975-10-01;100.3051
88;BEL;1975-11-01;100.1383
441;BEL;1975-12-01;100.0081
408;BEL;1976-01-01;99.89754
120;BEL;1976-02-01;99.89151
508;BEL;1976-03-01;100.0088
183;BEL;1976-04-01;100.2079
487;BEL;1976-05-01;100.2698
523;BEL;1976-06-01;100.1567
59;BEL;1976-07-01;99.94935
103;BEL;1976-08-01;99.82138
499;BEL;1976-09-01;99.82838
432;BEL;1976-10-01;99.89651
118;BEL;1976-11-01;99.95484
206;BEL;1976-12-01;100.0066
96;BEL;1977-01-01;100.071
107;BEL;1977-02-01;100.131
318;BEL;1977-03-01;100.2089
252;BEL;1977-04-01;100.3058
52;BEL;1977-05-01;100.3244
212;BEL;1977-06-01;100.2499
273;BEL;1977-07-01;100.1321
275;BEL;1977-08-01;100.0201
374;BEL;1977-09-01;99.94131
443;BEL;1977-10-01;99.87337
419;BEL;1977-11-01;99.82343
304;BEL;1977-12-01;99.75655
445;BEL;1978-01-01;99.64566
98;BEL;1978-02-01;99.53846
291;BEL;1978-03-01;99.38959
301;BEL;1978-04-01;99.1678
553;BEL;1978-05-01;99.00485
527;BEL;1978-06-01;98.85986
460;BEL;1978-07-01;98.68217
44;BEL;1978-08-01;98.55647
295;BEL;1978-09-01;98.46227
326;BEL;1978-10-01;98.39967
137;BEL;1978-11-01;98.34417
285;BEL;1978-12-01;98.30929
180;BEL;1979-01-01;98.26267
100;BEL;1979-02-01;98.16103
343;BEL;1979-03-01;97.99669
83;BEL;1979-04-01;97.7599
8;BEL;1979-05-01;97.6032
311;BEL;1979-06-01;97.52071
269;BEL;1979-07-01;97.50482
172;BEL;1979-08-01;97.4894
440;BEL;1979-09-01;97.50498
543;BEL;1979-10-01;97.55482
376;BEL;1979-11-01;97.59931
205;BEL;1979-12-01;97.64558
473;BEL;1980-01-01;97.70291
224;BEL;1980-02-01;97.7365
353;BEL;1980-03-01;97.74952
518;BEL;1980-04-01;97.74947
50;BEL;1980-05-01;97.73524
1;BEL;1980-06-01;97.69708
255;BEL;1980-07-01;97.63087
447;BEL;1980-08-01;97.57626
2;BEL;1980-09-01;97.54356
266;BEL;1980-10-01;97.5683
472;BEL;1980-11-01;97.60463
335;BEL;1980-12-01;97.63986
360;BEL;1981-01-01;97.65821
45;BEL;1981-02-01;97.60551
549;BEL;1981-03-01;97.51025
193;BEL;1981-04-01;97.39692
14;BEL;1981-05-01;97.38123
13;BEL;1981-06-01;97.50477
362;BEL;1981-07-01;97.75064
78;BEL;1981-08-01;97.92
67;BEL;1981-09-01;97.94354
92;BEL;1981-10-01;97.85159
237;BEL;1981-11-01;97.75049
117;BEL;1981-12-01;97.63587
185;BEL;1982-01-01;97.49374
339;BEL;1982-02-01;97.41513
368;BEL;1982-03-01;97.45941
104;BEL;1982-04-01;97.59364
220;BEL;1982-05-01;97.64822
341;BEL;1982-06-01;97.60078
202;BEL;1982-07-01;97.52157
390;BEL;1982-08-01;97.48161
217;BEL;1982-09-01;97.49246
514;BEL;1982-10-01;97.54621
449;BEL;1982-11-01;97.60463
406;BEL;1982-12-01;97.68477
454;BEL;1983-01-01;97.80056
82;BEL;1983-02-01;97.88265
500;BEL;1983-03-01;97.94138
430;BEL;1983-04-01;97.98462
349;BEL;1983-05-01;97.95915
369;BEL;1983-06-01;97.98607
46;BEL;1983-07-01;98.0239
198;BEL;1983-08-01;98.07867
513;BEL;1983-09-01;98.12418
70;BEL;1983-10-01;98.15883
489;BEL;1983-11-01;98.21574
502;BEL;1983-12-01;98.30031
132;BEL;1984-01-01;98.57021
310;BEL;1984-02-01;98.97207
462;BEL;1984-03-01;99.19456
359;BEL;1984-04-01;99.22816
337;BEL;1984-05-01;99.21234
248;BEL;1984-06-01;99.13712
365;BEL;1984-07-01;99.15163
381;BEL;1984-08-01;99.22121
171;BEL;1984-09-01;99.3219
21;BEL;1984-10-01;99.44064
254;BEL;1984-11-01;99.61383
20;BEL;1984-12-01;99.80871
134;BEL;1985-01-01;99.79188
421;BEL;1985-02-01;99.64521
33;BEL;1985-03-01;99.55969
31;BEL;1985-04-01;99.63372
138;BEL;1985-05-01;99.79131
39;BEL;1985-06-01;99.95898
466;BEL;1985-07-01;100.0893
490;BEL;1985-08-01;100.2164
471;BEL;1985-09-01;100.3111
321;BEL;1985-10-01;100.3499
396;BEL;1985-11-01;100.3308
147;BEL;1985-12-01;100.277
238;BEL;1986-01-01;100.1997
243;BEL;1986-02-01;100.1244
186;BEL;1986-03-01;100.1543
426;BEL;1986-04-01;100.2388
453;BEL;1986-05-01;100.297
551;BEL;1986-06-01;100.3421
123;BEL;1986-07-01;100.3819
404;BEL;1986-08-01;100.3868
282;BEL;1986-09-01;100.432
307;BEL;1986-10-01;100.5108
530;BEL;1986-11-01;100.5456
450;BEL;1986-12-01;100.5875
155;BEL;1987-01-01;100.6983
298;BEL;1987-02-01;100.7826
173;BEL;1987-03-01;100.8397
386;BEL;1987-04-01;100.8234
411;BEL;1987-05-01;100.7801
181;BEL;1987-06-01;100.837
389;BEL;1987-07-01;100.8976
424;BEL;1987-08-01;100.9185
101;BEL;1987-09-01;100.933
415;BEL;1987-10-01;101.0437
300;BEL;1987-11-01;101.1576
200;BEL;1987-12-01;101.1816
131;BEL;1988-01-01;101.2016
370;BEL;1988-02-01;101.2214
167;BEL;1988-03-01;101.2678
456;BEL;1988-04-01;101.3019
169;BEL;1988-05-01;101.3114
537;BEL;1988-06-01;101.3324
106;BEL;1988-07-01;101.2728
436;BEL;1988-08-01;101.1978
227;BEL;1988-09-01;101.2363
60;BEL;1988-10-01;101.3073
393;BEL;1988-11-01;101.2906
105;BEL;1988-12-01;101.0533
28;BEL;1989-01-01;100.6894
48;BEL;1989-02-01;100.423
121;BEL;1989-03-01;100.2469
112;BEL;1989-04-01;100.0363
267;BEL;1989-05-01;99.90572
177;BEL;1989-06-01;100.0154
245;BEL;1989-07-01;100.312
423;BEL;1989-08-01;100.4883
151;BEL;1989-09-01;100.5367
141;BEL;1989-10-01;100.5313
351;BEL;1989-11-01;100.6072
126;BEL;1989-12-01;100.6598
293;BEL;1990-01-01;100.6863
493;BEL;1990-02-01;100.6915
277;BEL;1990-03-01;100.7313
24;BEL;1990-04-01;100.7399
86;BEL;1990-05-01;100.6713
407;BEL;1990-06-01;100.4769
484;BEL;1990-07-01;100.2575
149;BEL;1990-08-01;100.1093
87;BEL;1990-09-01;100.0508
367;BEL;1990-10-01;99.98986
226;BEL;1990-11-01;99.99103
6;BEL;1990-12-01;99.96033
428;BEL;1991-01-01;99.86707
557;BEL;1991-02-01;99.74664
420;BEL;1991-03-01;99.65444
334;BEL;1991-04-01;99.56328
27;BEL;1991-05-01;99.39986
522;BEL;1991-06-01;99.24745
332;BEL;1991-07-01;99.14692
71;BEL;1991-08-01;99.02621
61;BEL;1991-09-01;98.94017
296;BEL;1991-10-01;98.85686
392;BEL;1991-11-01;98.74355
113;BEL;1991-12-01;98.70579
194;BEL;1992-01-01;98.69657
54;BEL;1992-02-01;98.65162
72;BEL;1992-03-01;98.62407
270;BEL;1992-04-01;98.71788
208;BEL;1992-05-01;98.96214
232;BEL;1992-06-01;99.20328
437;BEL;1992-07-01;99.44615
234;BEL;1992-08-01;99.68259
345;BEL;1992-09-01;99.89935
526;BEL;1992-10-01;100.0369
170;BEL;1992-11-01;100.1626
464;BEL;1992-12-01;100.3753
364;BEL;1993-01-01;100.6239
268;BEL;1993-02-01;100.745
414;BEL;1993-03-01;100.7169
271;BEL;1993-04-01;100.6348
435;BEL;1993-05-01;100.6009
552;BEL;1993-06-01;100.5546
240;BEL;1993-07-01;100.5161
409;BEL;1993-08-01;100.5065
119;BEL;1993-09-01;100.4619
429;BEL;1993-10-01;100.3955
175;BEL;1993-11-01;100.2197
333;BEL;1993-12-01;99.95155
294;BEL;1994-01-01;99.67951
203;BEL;1994-02-01;99.37191
74;BEL;1994-03-01;99.07915
457;BEL;1994-04-01;98.96265
79;BEL;1994-05-01;98.94649
427;BEL;1994-06-01;98.91757
230;BEL;1994-07-01;98.89505
372;BEL;1994-08-01;98.91991
528;BEL;1994-09-01;98.88233
219;BEL;1994-10-01;98.85926
504;BEL;1994-11-01;98.90107
58;BEL;1994-12-01;99.04069
401;BEL;1995-01-01;99.18214
358;BEL;1995-02-01;99.30935
317;BEL;1995-03-01;99.44216
312;BEL;1995-04-01;99.46743
22;BEL;1995-05-01;99.36846
524;BEL;1995-06-01;99.25555
3;BEL;1995-07-01;99.13046
85;BEL;1995-08-01;99.09688
127;BEL;1995-09-01;99.15103
260;BEL;1995-10-01;99.24313
451;BEL;1995-11-01;99.33477
216;BEL;1995-12-01;99.4461
156;BEL;1996-01-01;99.53639
97;BEL;1996-02-01;99.68534
536;BEL;1996-03-01;99.77978
135;BEL;1996-04-01;99.93613
124;BEL;1996-05-01;100.2388
231;BEL;1996-06-01;100.5557
93;BEL;1996-07-01;100.7098
483;BEL;1996-08-01;100.7754
320;BEL;1996-09-01;100.7702
342;BEL;1996-10-01;100.6739
53;BEL;1996-11-01;100.5305
478;BEL;1996-12-01;100.3918
538;BEL;1997-01-01;100.3071
143;BEL;1997-02-01;100.309
272;BEL;1997-03-01;100.4417
550;BEL;1997-04-01;100.6763
36;BEL;1997-05-01;100.861
152;BEL;1997-06-01;100.8493
90;BEL;1997-07-01;100.7611
81;BEL;1997-08-01;100.632
174;BEL;1997-09-01;100.4318
274;BEL;1997-10-01;100.1937
242;BEL;1997-11-01;100.1724
65;BEL;1997-12-01;100.3023
482;BEL;1998-01-01;100.539
541;BEL;1998-02-01;100.8132
481;BEL;1998-03-01;101.1142
324;BEL;1998-04-01;101.3274
184;BEL;1998-05-01;101.477
387;BEL;1998-06-01;101.4565
125;BEL;1998-07-01;101.4092
542;BEL;1998-08-01;101.3587
228;BEL;1998-09-01;101.4226
264;BEL;1998-10-01;101.5572
213;BEL;1998-11-01;101.66
355;BEL;1998-12-01;101.729
218;BEL;1999-01-01;101.7445
325;BEL;1999-02-01;101.8523
56;BEL;1999-03-01;101.9569
340;BEL;1999-04-01;101.9071
37;BEL;1999-05-01;101.7116
29;BEL;1999-06-01;101.4636
539;BEL;1999-07-01;101.3268
140;BEL;1999-08-01;101.2684
468;BEL;1999-09-01;101.2649
495;BEL;1999-10-01;101.2914
91;BEL;1999-11-01;101.227
25;BEL;1999-12-01;100.982
363;BEL;2000-01-01;100.6322
422;BEL;2000-02-01;100.2591
467;BEL;2000-03-01;100.1468
319;BEL;2000-04-01;100.3328
425;BEL;2000-05-01;100.623
157;BEL;2000-06-01;100.879
144;BEL;2000-07-01;101.0209
465;BEL;2000-08-01;101.0917
265;BEL;2000-09-01;101.088
347;BEL;2000-10-01;101.0137
400;BEL;2000-11-01;100.9265
416;BEL;2000-12-01;100.8301
215;BEL;2001-01-01;100.7903
474;BEL;2001-02-01;100.7655
496;BEL;2001-03-01;100.6473
241;BEL;2001-04-01;100.3827
384;BEL;2001-05-01;100.0641
196;BEL;2001-06-01;99.87366
210;BEL;2001-07-01;99.84437
517;BEL;2001-08-01;100.0644
328;BEL;2001-09-01;100.3023
122;BEL;2001-10-01;100.4141
506;BEL;2001-11-01;100.4258
263;BEL;2001-12-01;100.4914
545;BEL;2002-01-01;100.6582
556;BEL;2002-02-01;100.7732
399;BEL;2002-03-01;100.8602
158;BEL;2002-04-01;100.8928
288;BEL;2002-05-01;100.9584
485;BEL;2002-06-01;101.0586
448;BEL;2002-07-01;101.0714
379;BEL;2002-08-01;101.0549
246;BEL;2002-09-01;101.0539
283;BEL;2002-10-01;101.0878
488;BEL;2002-11-01;101.0543
204;BEL;2002-12-01;101.0583
378;BEL;2003-01-01;101.0126
162;BEL;2003-02-01;100.9412
247;BEL;2003-03-01;100.8434
352;BEL;2003-04-01;100.7932
9;BEL;2003-05-01;100.8144
398;BEL;2003-06-01;100.8743
114;BEL;2003-07-01;100.8215
190;BEL;2003-08-01;100.5905
531;BEL;2003-09-01;100.3379
350;BEL;2003-10-01;100.1998
142;BEL;2003-11-01;100.1403
554;BEL;2003-12-01;100.1451
492;BEL;2004-01-01;100.1975
463;BEL;2004-02-01;100.3851
540;BEL;2004-03-01;100.5267
261;BEL;2004-04-01;100.6401
413;BEL;2004-05-01;100.7163
43;BEL;2004-06-01;100.7323
244;BEL;2004-07-01;100.7413
34;BEL;2004-08-01;100.7319
148;BEL;2004-09-01;100.7304
209;BEL;2004-10-01;100.81
515;BEL;2004-11-01;100.9115
154;BEL;2004-12-01;100.9588
302;BEL;2005-01-01;101.0635
11;BEL;2005-02-01;101.1714
73;BEL;2005-03-01;101.153
4;BEL;2005-04-01;101.0574
516;BEL;2005-05-01;100.9921
322;BEL;2005-06-01;100.9951
329;BEL;2005-07-01;101.0307
405;BEL;2005-08-01;101.0976
497;BEL;2005-09-01;101.1385
323;BEL;2005-10-01;101.1115
548;BEL;2005-11-01;101.0193
197;BEL;2005-12-01;100.8668
258;BEL;2006-01-01;100.6974
292;BEL;2006-02-01;100.4524
109;BEL;2006-03-01;100.1411
164;BEL;2006-04-01;99.95977
290;BEL;2006-05-01;99.82275
133;BEL;2006-06-01;99.76682
314;BEL;2006-07-01;99.69796
26;BEL;2006-08-01;99.54486
469;BEL;2006-09-01;99.34167
388;BEL;2006-10-01;99.15815
511;BEL;2006-11-01;99.13561
259;BEL;2006-12-01;99.26628
455;BEL;2007-01-01;99.3601
47;BEL;2007-02-01;99.27641
42;BEL;2007-03-01;99.17852
315;BEL;2007-04-01;99.08784
235;BEL;2007-05-01;99.10719
510;BEL;2007-06-01;99.09338
94;BEL;2007-07-01;99.16745
108;BEL;2007-08-01;99.35215
316;BEL;2007-09-01;99.59553
344;BEL;2007-10-01;99.85091
153;BEL;2007-11-01;100.0566
163;BEL;2007-12-01;100.2706
178;BEL;2008-01-01;100.4094
356;BEL;2008-02-01;100.4656
38;BEL;2008-03-01;100.495
130;BEL;2008-04-01;100.4065
191;BEL;2008-05-01;100.3098
306;BEL;2008-06-01;100.2548
253;BEL;2008-07-01;100.2866
62;BEL;2008-08-01;100.3198
182;BEL;2008-09-01;100.2735
139;BEL;2008-10-01;100.3306
361;BEL;2008-11-01;100.4691
535;BEL;2008-12-01;100.5854
410;BEL;2009-01-01;100.6354
397;BEL;2009-02-01;100.6846
51;BEL;2009-03-01;100.7191
385;BEL;2009-04-01;100.6665
434;BEL;2009-05-01;100.5416
30;BEL;2009-06-01;100.4721
16;BEL;2009-07-01;100.3352
439;BEL;2009-08-01;100.2594
444;BEL;2009-09-01;100.2734
357;BEL;2009-10-01;100.2147
491;BEL;2009-11-01;100.0921
479;BEL;2009-12-01;99.92088
377;BEL;2010-01-01;99.80418
512;BEL;2010-02-01;99.7834
486;BEL;2010-03-01;99.69011
433;BEL;2010-04-01;99.59895
69;BEL;2010-05-01;99.46095
7;BEL;2010-06-01;99.41769
207;BEL;2010-07-01;99.56306
480;BEL;2010-08-01;99.74953
555;BEL;2010-09-01;99.86092
150;BEL;2010-10-01;99.91859
383;BEL;2010-11-01;99.88641
519;BEL;2010-12-01;99.7664
470;BEL;2011-01-01;99.6031
5;BEL;2011-02-01;99.40833
289;BEL;2011-03-01;99.2828
257;BEL;2011-04-01;99.33214
375;BEL;2011-05-01;99.49971
279;BEL;2011-06-01;99.6288
330;BEL;2011-07-01;99.62949
136;BEL;2011-08-01;99.64228
477;BEL;2011-09-01;99.70287
17;BEL;2011-10-01;99.7433
287;BEL;2011-11-01;99.83807
15;BEL;2011-12-01;100.0939
249;BEL;2012-01-01;100.4574
380;BEL;2012-02-01;100.78
418;BEL;2012-03-01;101.0534
23;BEL;2012-04-01;101.2404
446;BEL;2012-05-01;101.3221
201;BEL;2012-06-01;101.2783
128;BEL;2012-07-01;101.1167
525;BEL;2012-08-01;100.9592
89;BEL;2012-09-01;100.9105
494;BEL;2012-10-01;100.895
280;BEL;2012-11-01;100.8172
251;BEL;2012-12-01;100.5912
305;BEL;2013-01-01;100.3294
168;BEL;2013-02-01;100.0674
262;BEL;2013-03-01;99.91444
221;BEL;2013-04-01;99.96616
102;BEL;2013-05-01;100.1796
547;BEL;2013-06-01;100.3908
161;BEL;2013-07-01;100.5057
394;BEL;2013-08-01;100.5396
476;BEL;2013-09-01;100.544
431;BEL;2013-10-01;100.4618
338;BEL;2013-11-01;100.3313
505;BEL;2013-12-01;100.1733
534;BEL;2014-01-01;100.0802
115;BEL;2014-02-01;100.1231
116;BEL;2014-03-01;100.2493
336;BEL;2014-04-01;100.3515
99;BEL;2014-05-01;100.3226
297;BEL;2014-06-01;100.2178
229;BEL;2014-07-01;100.117
532;BEL;2014-08-01;100.0341
331;BEL;2014-09-01;100.0038
84;BEL;2014-10-01;100.0672
199;BEL;2014-11-01;100.1766
64;BEL;2014-12-01;100.2571
110;BEL;2015-01-01;100.2513
403;BEL;2015-02-01;100.2473
346;BEL;2015-03-01;100.331
313;BEL;2015-04-01;100.3679
498;BEL;2015-05-01;100.4203
75;BEL;2015-06-01;100.474
146;BEL;2015-07-01;100.5666
286;BEL;2015-08-01;100.6229
299;BEL;2015-09-01;100.6406
214;BEL;2015-10-01;100.6759
188;BEL;2015-11-01;100.7979
192;BEL;2015-12-01;100.9143
12;BEL;2016-01-01;101.0669
55;BEL;2016-02-01;101.1901
458;BEL;2016-03-01;101.2092
520;BEL;2016-04-01;101.1537
223;BEL;2016-05-01;101.0832
371;BEL;2016-06-01;101.0168
507;BEL;2016-07-01;100.9901
189;BEL;2016-08-01;100.8984
129;BEL;2016-09-01;100.7461
544;BEL;2016-10-01;100.558
145;BEL;2016-11-01;100.4752
546;BEL;2016-12-01;100.4555
95;BEL;2017-01-01;100.4959
402;BEL;2017-02-01;100.4848
233;BEL;2017-03-01;100.315
452;BEL;2017-04-01;100.062
19;BEL;2017-05-01;99.90302
382;BEL;2017-06-01;99.89581
391;BEL;2017-07-01;99.99876
18;BEL;2017-08-01;100.0917
195;BEL;2017-09-01;100.1241
459;BEL;2017-10-01;100.0915
461;BEL;2017-11-01;102.1863
509;BEL;2017-12-01;102.0696
475;BEL;2018-01-01;101.9671
373;BEL;2018-02-01;101.8845
66;BEL;2018-03-01;101.9216
501;BEL;2018-04-01;102.0761
281;BEL;2018-05-01;102.2064
40;BEL;2018-06-01;102.2953
187;BEL;2018-07-01;102.3196
239;BEL;2018-08-01;102.1616
303;BEL;2018-09-01;101.7236
256;BEL;2018-10-01;101.0862
176;BEL;2018-11-01;100.6673
327;BEL;2018-12-01;100.4664
35;BEL;2019-01-01;100.3437
222;BEL;2019-02-01;100.2212
63;BEL;2019-03-01;100.0661
366;BEL;2019-04-01;99.87364
309;BEL;2019-05-01;99.68315
77;BEL;2019-06-01;99.49157
131;RUS;1997-03-01;89.66551
239;RUS;1997-04-01;90.20705
31;RUS;1997-05-01;90.72594
118;RUS;1997-06-01;91.17376
75;RUS;1997-07-01;91.49585
68;RUS;1997-08-01;91.72192
141;RUS;1997-09-01;91.87469
0;RUS;1997-10-01;91.97459
213;RUS;1997-11-01;92.11774
103;RUS;1997-12-01;92.45296
178;RUS;1998-01-01;93.11555
231;RUS;1998-02-01;93.96896
177;RUS;1998-03-01;94.86519
37;RUS;1998-04-01;95.71447
147;RUS;1998-05-01;96.51195
88;RUS;1998-06-01;96.08982
98;RUS;1998-07-01;96.91165
233;RUS;1998-08-01;97.66091
109;RUS;1998-09-01;98.19445
140;RUS;1998-10-01;98.37302
180;RUS;1998-11-01;98.35157
60;RUS;1998-12-01;98.29764
1;RUS;1999-01-01;98.30988
42;RUS;1999-02-01;98.36901
48;RUS;1999-03-01;98.42853
47;RUS;1999-04-01;98.45856
32;RUS;1999-05-01;98.48937
26;RUS;1999-06-01;98.58121
151;RUS;1999-07-01;98.79362
112;RUS;1999-08-01;99.09354
165;RUS;1999-09-01;99.45183
196;RUS;1999-10-01;99.85228
2;RUS;1999-11-01;100.2422
97;RUS;1999-12-01;100.544
183;RUS;2000-01-01;100.6768
211;RUS;2000-02-01;100.6671
164;RUS;2000-03-01;100.5154
72;RUS;2000-04-01;100.2061
128;RUS;2000-05-01;99.85963
240;RUS;2000-06-01;99.62917
210;RUS;2000-07-01;99.63561
162;RUS;2000-08-01;99.78609
191;RUS;2000-09-01;99.97343
90;RUS;2000-10-01;100.1316
101;RUS;2000-11-01;100.2544
122;RUS;2000-12-01;100.3402
182;RUS;2001-01-01;100.372
171;RUS;2001-02-01;100.335
195;RUS;2001-03-01;100.1842
65;RUS;2001-04-01;99.8819
217;RUS;2001-05-01;99.54831
159;RUS;2001-06-01;99.35194
55;RUS;2001-07-01;99.43138
152;RUS;2001-08-01;99.6797
38;RUS;2001-09-01;99.97399
96;RUS;2001-10-01;100.2359
206;RUS;2001-11-01;100.4464
232;RUS;2001-12-01;100.5895
235;RUS;2002-01-01;100.6482
46;RUS;2002-02-01;100.6669
137;RUS;2002-03-01;100.6931
86;RUS;2002-04-01;100.7582
52;RUS;2002-05-01;100.8517
66;RUS;2002-06-01;100.9591
197;RUS;2002-07-01;101.0709
78;RUS;2002-08-01;101.1787
219;RUS;2002-09-01;101.2662
5;RUS;2002-10-01;101.3043
185;RUS;2002-11-01;101.2666
41;RUS;2002-12-01;101.0914
132;RUS;2003-01-01;100.7193
133;RUS;2003-02-01;100.2683
220;RUS;2003-03-01;99.89108
58;RUS;2003-04-01;99.71114
8;RUS;2003-05-01;99.68522
100;RUS;2003-06-01;99.78324
95;RUS;2003-07-01;100.0142
155;RUS;2003-08-01;100.328
154;RUS;2003-09-01;100.6939
56;RUS;2003-10-01;101.095
215;RUS;2003-11-01;101.4716
3;RUS;2003-12-01;101.7322
190;RUS;2004-01-01;101.7882
161;RUS;2004-02-01;101.7057
15;RUS;2004-03-01;101.5467
203;RUS;2004-04-01;101.3477
119;RUS;2004-05-01;101.1769
228;RUS;2004-06-01;101.1261
200;RUS;2004-07-01;101.2765
28;RUS;2004-08-01;101.543
120;RUS;2004-09-01;101.8331
176;RUS;2004-10-01;102.0891
209;RUS;2004-11-01;102.3066
126;RUS;2004-12-01;102.4854
121;RUS;2005-01-01;102.6168
11;RUS;2005-02-01;102.7114
62;RUS;2005-03-01;102.7706
4;RUS;2005-04-01;102.795
106;RUS;2005-05-01;102.828
36;RUS;2005-06-01;102.9316
91;RUS;2005-07-01;103.1533
202;RUS;2005-08-01;103.4224
198;RUS;2005-09-01;103.6374
49;RUS;2005-10-01;103.7055
205;RUS;2005-11-01;103.637
189;RUS;2005-12-01;103.4254
227;RUS;2006-01-01;103.0644
13;RUS;2006-02-01;102.7081
222;RUS;2006-03-01;102.5687
135;RUS;2006-04-01;102.8091
10;RUS;2006-05-01;103.2194
107;RUS;2006-06-01;103.5319
29;RUS;2006-07-01;103.5677
23;RUS;2006-08-01;103.4795
166;RUS;2006-09-01;103.4691
57;RUS;2006-10-01;103.6285
92;RUS;2006-11-01;103.7027
73;RUS;2006-12-01;103.2397
229;RUS;2007-01-01;101.8252
39;RUS;2007-02-01;99.85407
35;RUS;2007-03-01;97.78294
30;RUS;2007-04-01;95.93855
34;RUS;2007-05-01;94.4266
238;RUS;2007-06-01;93.4315
79;RUS;2007-07-01;93.18374
87;RUS;2007-08-01;93.41035
123;RUS;2007-09-01;93.89162
51;RUS;2007-10-01;94.54342
22;RUS;2007-11-01;95.2448
134;RUS;2007-12-01;95.90705
143;RUS;2008-01-01;96.4931
61;RUS;2008-02-01;97.07609
33;RUS;2008-03-01;97.7682
102;RUS;2008-04-01;98.65252
156;RUS;2008-05-01;99.6058
25;RUS;2008-06-01;100.4439
221;RUS;2008-07-01;100.9981
169;RUS;2008-08-01;101.3069
145;RUS;2008-09-01;101.3708
111;RUS;2008-10-01;101.1521
212;RUS;2008-11-01;100.8204
224;RUS;2008-12-01;100.5589
113;RUS;2009-01-01;100.4846
99;RUS;2009-02-01;100.4975
54;RUS;2009-03-01;100.4583
84;RUS;2009-04-01;100.2783
225;RUS;2009-05-01;100.0616
27;RUS;2009-06-01;99.97603
160;RUS;2009-07-01;100.1612
142;RUS;2009-08-01;100.5049
89;RUS;2009-09-01;100.87
127;RUS;2009-10-01;101.1623
188;RUS;2009-11-01;101.3778
237;RUS;2009-12-01;101.5159
108;RUS;2010-01-01;101.5701
208;RUS;2010-02-01;101.5959
67;RUS;2010-03-01;101.6564
139;RUS;2010-04-01;101.7966
59;RUS;2010-05-01;101.9832
77;RUS;2010-06-01;102.1696
172;RUS;2010-07-01;102.3163
83;RUS;2010-08-01;102.4093
168;RUS;2010-09-01;102.4171
129;RUS;2010-10-01;102.3008
81;RUS;2010-11-01;102.1086
148;RUS;2010-12-01;101.8866
167;RUS;2011-01-01;101.6653
6;RUS;2011-02-01;101.4749
9;RUS;2011-03-01;101.3615
114;RUS;2011-04-01;101.3709
76;RUS;2011-05-01;101.4563
69;RUS;2011-06-01;101.5719
43;RUS;2011-07-01;101.6905
110;RUS;2011-08-01;101.791
173;RUS;2011-09-01;101.8422
18;RUS;2011-10-01;101.806
7;RUS;2011-11-01;101.6885
16;RUS;2011-12-01;101.4738
226;RUS;2012-01-01;101.1385
216;RUS;2012-02-01;100.7626
124;RUS;2012-03-01;100.4542
21;RUS;2012-04-01;100.3124
146;RUS;2012-05-01;100.3243
163;RUS;2012-06-01;100.5068
149;RUS;2012-07-01;100.8945
218;RUS;2012-08-01;101.3575
174;RUS;2012-09-01;101.7283
193;RUS;2012-10-01;101.8536
158;RUS;2012-11-01;101.7388
201;RUS;2012-12-01;101.3192
24;RUS;2013-01-01;100.4721
138;RUS;2013-02-01;99.33353
153;RUS;2013-03-01;98.01229
192;RUS;2013-04-01;96.59618
85;RUS;2013-05-01;95.3404
74;RUS;2013-06-01;94.64201
130;RUS;2013-07-01;94.85412
230;RUS;2013-08-01;95.54268
17;RUS;2013-09-01;96.20107
136;RUS;2013-10-01;96.48837
45;RUS;2013-11-01;96.49767
71;RUS;2013-12-01;96.36583
223;RUS;2014-01-01;96.16118
93;RUS;2014-02-01;95.91241
179;RUS;2014-03-01;95.60724
44;RUS;2014-04-01;95.23531
144;RUS;2014-05-01;94.88734
115;RUS;2014-06-01;94.7152
204;RUS;2014-07-01;94.86794
194;RUS;2014-08-01;95.25211
125;RUS;2014-09-01;95.79086
175;RUS;2014-10-01;96.45168
20;RUS;2014-11-01;97.11956
40;RUS;2014-12-01;97.65694
94;RUS;2015-01-01;97.9567
105;RUS;2015-02-01;98.12551
53;RUS;2015-03-01;98.28717
184;RUS;2015-04-01;98.51662
150;RUS;2015-05-01;98.78138
63;RUS;2015-06-01;99.02094
117;RUS;2015-07-01;99.19098
82;RUS;2015-08-01;99.33266
19;RUS;2015-09-01;99.50562
181;RUS;2015-10-01;99.74924
187;RUS;2015-11-01;100.0126
157;RUS;2015-12-01;100.22
12;RUS;2016-01-01;100.3162
50;RUS;2016-02-01;100.368
186;RUS;2016-03-01;100.4682
70;RUS;2016-04-01;100.6838
14;RUS;2016-05-01;100.9557
214;RUS;2016-06-01;101.1919
207;RUS;2016-07-01;101.3047
199;RUS;2016-08-01;101.2836
170;RUS;2016-09-01;101.0819
234;RUS;2016-10-01;100.6387
116;RUS;2016-11-01;100.0797
236;RUS;2016-12-01;99.54298
80;RUS;2017-01-01;99.12042
104;RUS;2017-02-01;98.77612
64;RUS;2017-03-01;98.46021
